TRADEDATE,CLOSE,VOLUME
2013-03-25,98.79,593680
2013-03-26,97.2,1283550
2013-03-27,96.75,1261950
2013-03-28,98.59,1971410
2013-03-29,98.76,782000
2013-04-01,98.07,2279650
2013-04-02,98.93,3555020
2013-04-03,99.59,3757240
2013-04-04,99.91,5172930
2013-04-05,99.38,5229210
2013-04-08,100.43,5080400
2013-04-09,102.53,6539720
2013-04-10,100.56,6477440
2013-04-11,100.31,9738330
2013-04-12,98.34,8770130
2013-04-15,95.48,9476270
2013-04-16,95.92,8746220
2013-04-17,94.58,12318170
2013-04-18,95.35,11438210
2013-04-19,96.22,10456040
2013-04-22,95.1,8487550
2013-04-23,96.46,9918070
2013-04-24,97.89,10809260
2013-04-25,96.11,17508370
2013-04-26,95.6,12505810
2013-04-29,94.83,9543700
2013-04-30,99.3,9242730
2013-05-02,100.84,8247370
2013-05-03,102.92,6583590
2013-05-06,102.28,5184770
2013-05-07,105.14,7598890
2013-05-08,105.81,7983670
2013-05-10,103.78,7276960
2013-05-13,103.34,8107650
2013-05-14,103.84,13107770
2013-05-15,103.22,8940580
2013-05-16,102.45,4241390
2013-05-17,105.17,5862860
2013-05-20,106.49,5986790
2013-05-21,108.9,7682260
2013-05-22,110.73,12471940
2013-05-23,105.61,10928200
2013-05-24,102.97,17144980
2013-05-27,102.86,9630270
2013-05-28,104.0,8500810
2013-05-29,99.9,13256870
2013-05-30,99.98,16543730
2013-05-31,99.0,17383700
2013-06-03,98.8,16609480
2013-06-04,98.71,7214140
2013-06-05,97.5,11474200
2013-06-06,96.91,9679300
2013-06-07,98.92,12679660
2013-06-10,97.9,10230620
2013-06-11,94.7,15916610
2013-06-13,91.85,17814630
2013-06-14,93.64,12751180
2013-06-17,95.74,12357410
2013-06-18,96.36,9357570
2013-06-19,94.63,8536010
2013-06-20,91.56,12178180
2013-06-21,91.24,12067320
2013-06-24,88.66,10446770
2013-06-25,89.74,8425930
2013-06-26,92.67,8379260
2013-06-27,93.2,9403380
2013-06-28,93.5,9615000
2013-07-01,95.4,7557200
2013-07-02,94.59,5917590
2013-07-03,93.18,6582450
2013-07-04,94.0,7533240
2013-07-05,93.3,10199020
2013-07-08,93.0,6539950
2013-07-09,92.41,5403870
2013-07-10,91.03,7726190
2013-07-11,95.55,10015130
2013-07-12,98.4,12641780
2013-07-15,99.87,13124880
2013-07-16,99.35,10637740
2013-07-17,101.11,7595970
2013-07-18,98.47,16686810
2013-07-19,99.9,18103710
2013-07-22,97.82,12091270
2013-07-23,96.97,9312920
2013-07-24,96.16,18586270
2013-07-25,95.78,12669090
2013-07-26,94.76,7874710
2013-07-29,94.17,7598660
2013-07-30,94.13,6955980
2013-07-31,95.3,10145400
2013-08-01,96.95,7567370
2013-08-02,96.98,9822160
2013-08-05,96.25,5124110
2013-08-06,94.72,7514500
2013-08-07,94.48,8209740
2013-08-08,94.09,9466140
2013-08-09,95.7,9079150
2013-08-12,96.22,8553960
2013-08-13,97.4,9427240
2013-08-14,98.07,10053300
2013-08-15,95.31,20310500
2013-08-16,93.8,12709740
2013-08-19,93.66,13349120
2013-08-20,91.74,13056740
2013-08-21,90.52,16134210
2013-08-22,92.28,16084620
2013-08-23,91.9,10351540
2013-08-26,91.25,7768500
2013-08-27,90.16,9475660
2013-08-28,89.4,16377380
2013-08-29,89.68,12086030
2013-08-30,88.15,13959510
2013-09-02,89.48,46206200
2013-09-03,90.45,87953920
2013-09-04,90.33,52920680
2013-09-05,92.78,113375290
2013-09-06,92.47,167514290
2013-09-09,94.81,127372070
2013-09-10,96.55,118417470
2013-09-11,95.5,68867470
2013-09-12,95.53,80569980
2013-09-13,95.82,57993190
2013-09-16,98.97,112092070
2013-09-17,99.6,69417120
2013-09-18,99.79,109579560
2013-09-19,102.33,160727340
2013-09-20,102.36,80174540
2013-09-23,101.82,79846990
2013-09-24,100.5,81642090
2013-09-25,101.95,76053110
2013-09-26,101.67,74163010
2013-09-27,98.59,90396330
2013-09-30,97.86,71124930
2013-10-01,99.16,74492480
2013-10-02,97.74,79877890
2013-10-03,98.24,77836460
2013-10-04,100.39,81230790
2013-10-07,100.3,84643630
2013-10-08,102.11,113584170
2013-10-09,101.48,99305220
2013-10-10,103.43,111791100
2013-10-11,102.87,91915670
2013-10-14,102.93,66291240
2013-10-15,104.55,103099720
2013-10-16,104.05,84614620
2013-10-17,103.33,83012030
2013-10-18,105.14,115501360
2013-10-21,105.43,63746540
2013-10-22,105.4,71694660
2013-10-23,103.29,78066510
2013-10-24,102.86,68751720
2013-10-25,102.99,78521210
2013-10-28,102.84,71025060
2013-10-29,102.8,65077430
2013-10-30,103.11,82968330
2013-10-31,102.74,87954830
2013-11-01,103.65,62858850
2013-11-05,102.47,61356730
2013-11-06,102.59,66133090
2013-11-07,103.55,76238840
2013-11-08,101.86,89014360
2013-11-11,101.77,53096350
2013-11-12,104.25,112492620
2013-11-13,101.81,135946290
2013-11-14,103.7,93686490
2013-11-15,103.69,96819500
2013-11-18,105.5,92184970
2013-11-19,106.19,100547410
2013-11-20,106.0,79936140
2013-11-21,104.78,77524160
2013-11-22,105.1,70239230
2013-11-25,105.31,72178650
2013-11-26,103.02,93845310
2013-11-27,102.77,80453800
2013-11-28,102.69,64879430
2013-11-29,103.07,79612660
2013-12-02,102.36,61527830
2013-12-03,100.24,123406320
2013-12-04,98.95,96070960
2013-12-05,98.25,94786250
2013-12-06,99.9,107963460
2013-12-09,101.0,95366620
2013-12-10,100.16,91125870
2013-12-11,100.65,85886120
2013-12-12,98.96,103712820
2013-12-13,98.94,79694090
2013-12-16,99.85,87234110
2013-12-17,100.15,72704270
2013-12-18,100.18,59591350
2013-12-19,101.78,105506160
2013-12-20,102.2,75647410
2013-12-23,102.45,67006350
2013-12-24,101.96,40338120
2013-12-25,101.62,22183040
2013-12-26,101.95,22250510
2013-12-27,100.68,37103790
2013-12-30,101.17,34310640
2014-01-06,98.91,31691800
2014-01-08,98.19,42372290
2014-01-09,98.0,45986900
2014-01-10,99.2,51902400
2014-01-13,100.25,62051250
2014-01-14,99.24,78485160
2014-01-15,100.77,77839370
2014-01-16,100.65,62759280
2014-01-17,101.17,69135170
2014-01-20,101.96,62429420
2014-01-21,102.2,61991430
2014-01-22,102.17,58589100
2014-01-23,101.7,70600710
2014-01-24,99.7,112821700
2014-01-27,97.78,103793450
2014-01-28,97.36,80448950
2014-01-29,95.98,120814560
2014-01-30,95.8,130498640
2014-01-31,94.7,103047610
2014-02-03,94.66,81505780
2014-02-04,94.07,93931280
2014-02-05,95.45,90666210
2014-02-06,96.62,76095210
2014-02-07,96.53,77654990
2014-02-10,95.47,67771880
2014-02-11,96.12,55103910
2014-02-12,96.84,70670070
2014-02-13,95.5,62181740
2014-02-14,96.65,63884790
2014-02-17,97.49,54738670
2014-02-18,96.62,56765130
2014-02-19,94.9,79367620
2014-02-20,94.63,72263740
2014-02-21,95.0,52205040
2014-02-24,94.69,48226210
2014-02-25,94.17,74634340
2014-02-26,92.29,90720380
2014-02-27,90.12,129290620
2014-02-28,91.16,112780920
2014-03-03,77.57,427913510
2014-03-04,81.55,371921710
2014-03-05,81.46,175284130
2014-03-06,80.24,281937510
2014-03-07,79.99,190384620
2014-03-11,76.57,150142970
2014-03-12,72.46,227452390
2014-03-13,69.84,256776110
2014-03-14,71.75,346714120
2014-03-17,76.97,344321660
2014-03-18,81.43,301075150
2014-03-19,80.83,257701520
2014-03-20,79.5,190046940
2014-03-21,78.47,207828970
2014-03-24,78.29,167819190
2014-03-25,81.85,255665910
2014-03-26,82.56,229652070
2014-03-27,79.88,185280640
2014-03-28,81.47,152251850
2014-03-31,83.8,178420740
2014-04-01,83.88,154874300
2014-04-02,82.67,143111440
2014-04-03,81.51,127794990
2014-04-04,82.98,147144280
2014-04-07,79.95,236725410
2014-04-08,79.41,163499350
2014-04-09,78.85,161363630
2014-04-10,79.9,178317550
2014-04-11,79.75,154422060
2014-04-14,78.35,190735310
2014-04-15,75.2,190723350
2014-04-16,76.13,271726740
2014-04-17,76.89,201674510
2014-04-18,78.82,114463050
2014-04-21,77.62,83590290
2014-04-22,76.3,135293150
2014-04-23,75.56,133283600
2014-04-24,73.21,251265730
2014-04-25,69.91,297122510
2014-04-28,73.39,382641850
2014-04-29,72.8,184166290
2014-04-30,72.5,109106810
2014-05-02,72.22,64294280
2014-05-05,71.99,67164800
2014-05-06,74.1,129555640
2014-05-07,78.5,271218480
2014-05-08,78.8,248696590
2014-05-12,79.08,164644990
2014-05-13,80.15,186766010
2014-05-14,81.38,136298440
2014-05-15,80.04,171237780
2014-05-16,79.2,148101150
2014-05-19,81.62,141103030
2014-05-20,82.31,155680150
2014-05-21,83.59,191332530
2014-05-22,83.26,132031140
2014-05-23,85.83,170529760
2014-05-26,86.87,113548190
2014-05-27,84.33,149979600
2014-05-28,84.95,117406900
2014-05-29,85.65,133574640
2014-05-30,84.5,108275150
2014-06-02,85.91,135553000
2014-06-03,86.84,119911060
2014-06-04,87.81,118827760
2014-06-05,87.43,136671320
2014-06-06,89.0,127899230
2014-06-09,88.89,84842190
2014-06-10,88.99,85853250
2014-06-11,89.0,67980020
2014-06-16,84.85,130296750
2014-06-17,83.8,86913970
2014-06-18,83.77,115310330
2014-06-19,84.8,112078350
2014-06-20,84.16,83715090
2014-06-23,83.68,99040960
2014-06-24,86.5,150531880
2014-06-25,84.4,114961050
2014-06-26,84.1,99471360
2014-06-27,84.33,57140600
2014-06-30,84.5,81496490
2014-07-01,84.07,80028320
2014-07-02,85.79,94197580
2014-07-03,85.34,76353880
2014-07-04,84.0,69404770
2014-07-07,85.49,71042760
2014-07-08,85.11,99525260
2014-07-09,85.2,80831840
2014-07-10,84.47,114382280
2014-07-11,84.55,78260360
2014-07-14,83.55,69434020
2014-07-15,83.09,79123700
2014-07-16,83.78,86004300
2014-07-17,81.5,147892860
2014-07-18,80.27,147407130
2014-07-21,76.56,182779550
2014-07-22,78.3,154403850
2014-07-23,77.45,93643340
2014-07-24,76.87,101869250
2014-07-25,75.16,109515350
2014-07-28,72.82,116467930
2014-07-29,73.2,193639220
2014-07-30,73.68,194588780
2014-07-31,73.6,110573680
2014-08-01,72.37,183538940
2014-08-04,72.75,102965070
2014-08-05,71.6,103702890
2014-08-06,69.0,252771000
2014-08-07,68.5,257510130
2014-08-08,70.7,162405320
2014-08-11,74.21,168710010
2014-08-12,73.35,168530250
2014-08-13,74.84,137022330
2014-08-14,74.99,146635000
2014-08-15,75.05,127078390
2014-08-18,75.15,87278050
2014-08-19,76.0,97471200
2014-08-20,76.9,120071260
2014-08-21,78.4,115995050
2014-08-22,78.39,140619770
2014-08-25,78.56,118676060
2014-08-26,77.44,79132960
2014-08-27,77.93,81493260
2014-08-28,74.59,231820440
2014-08-29,73.21,193460210
2014-09-01,73.68,164429290
2014-09-02,73.76,104627840
2014-09-03,78.5,277102210
2014-09-04,79.39,158504110
2014-09-05,80.25,159432130
2014-09-08,78.69,108470700
2014-09-09,79.41,105818380
2014-09-10,78.67,86323660
2014-09-11,76.3,153119340
2014-09-12,76.65,145526680
2014-09-15,75.63,127147020
2014-09-16,77.6,141626080
2014-09-17,78.66,150425900
2014-09-18,77.98,102250150
2014-09-19,77.4,122982290
2014-09-22,76.0,84589910
2014-09-23,77.68,97635080
2014-09-24,79.05,123499180
2014-09-25,78.01,121092190
2014-09-26,77.6,111612420
2014-09-29,76.7,100645000
2014-09-30,75.52,144552360
2014-10-01,74.26,130262550
2014-10-02,73.15,145206610
2014-10-03,73.77,111663690
2014-10-06,76.33,125594530
2014-10-07,75.32,97153580
2014-10-08,73.8,132003430
2014-10-09,73.65,144528280
2014-10-10,73.5,141617220
2014-10-13,74.26,116922770
2014-10-14,74.55,95473820
2014-10-15,73.08,120577500
2014-10-16,71.12,195738120
2014-10-17,73.15,146039730
2014-10-20,72.25,122048450
2014-10-21,72.5,116676840
2014-10-22,71.82,98536180
2014-10-23,71.59,132619500
2014-10-24,72.49,76065860
2014-10-27,72.9,119696300
2014-10-28,73.9,101388880
2014-10-29,74.05,100125200
2014-10-30,74.98,180995180
2014-10-31,76.23,154675720
2014-11-03,76.29,49892210
2014-11-05,75.65,101085650
2014-11-06,75.05,109722350
2014-11-07,75.69,195083240
2014-11-10,77.78,125636500
2014-11-11,77.34,130820430
2014-11-12,76.32,113847180
2014-11-13,74.03,150544890
2014-11-14,74.15,101827010
2014-11-17,73.97,77982280
2014-11-18,75.21,121080470
2014-11-19,73.9,89158940
2014-11-20,73.63,104580980
2014-11-21,74.39,105852740
2014-11-24,74.4,85541840
2014-11-25,74.11,59713060
2014-11-26,73.85,91757390
2014-11-27,73.04,87730700
2014-11-28,72.25,128193600
2014-12-01,73.79,139383260
2014-12-02,71.64,133472040
2014-12-03,72.0,115782340
2014-12-04,71.04,162018990
2014-12-05,68.6,160171610
2014-12-08,65.3,167156200
2014-12-09,66.26,198020150
2014-12-10,67.77,180002300
2014-12-11,65.95,182009630
2014-12-12,64.2,157344230
2014-12-15,60.13,224047750
2014-12-16,53.5,470750510
2014-12-17,59.9,446526580
2014-12-18,62.91,317744140
2014-12-19,61.44,171795280
2014-12-22,58.6,228645560
2014-12-23,54.0,230869270
2014-12-24,55.0,166419660
2014-12-25,58.7,116646610
2014-12-26,57.13,134648850
2014-12-29,54.51,113669200
2014-12-30,54.9,120437150
2015-01-05,56.37,63231040
2015-01-06,58.28,70269700
2015-01-08,65.7,187598890
2015-01-09,63.1,107559890
2015-01-12,62.9,99435900
2015-01-13,60.31,190655450
2015-01-14,60.05,134066670
2015-01-15,61.8,180005110
2015-01-16,61.99,143117080
2015-01-19,61.8,124918310
2015-01-20,60.8,120109490
2015-01-21,62.8,106804150
2015-01-22,64.35,173344710
2015-01-23,64.45,163436260
2015-01-26,60.49,154035210
2015-01-27,61.2,188572120
2015-01-28,60.63,139314670
2015-01-29,60.5,150527510
2015-01-30,61.5,194980610
2015-02-02,61.4,195554010
2015-02-03,62.0,140880980
2015-02-04,61.04,83495280
2015-02-05,62.41,173331680
2015-02-06,64.31,180698040
2015-02-09,65.57,224135470
2015-02-10,65.0,121431950
2015-02-11,65.12,142445360
2015-02-12,67.21,403090230
2015-02-13,70.6,375773430
2015-02-16,70.0,131054210
2015-02-17,72.45,243539660
2015-02-18,76.4,237863380
2015-02-19,73.78,238749450
2015-02-20,74.75,177829380
2015-02-24,73.7,117265120
2015-02-25,74.2,122714250
2015-02-26,75.95,143958950
2015-02-27,75.91,129979040
2015-03-02,76.2,110696420
2015-03-03,75.55,129705180
2015-03-04,72.31,117798050
2015-03-05,72.7,175857900
2015-03-06,73.25,105050160
2015-03-10,69.8,149557550
2015-03-11,70.68,149717760
2015-03-12,70.79,82959400
2015-03-13,67.87,151669320
2015-03-16,65.57,156289080
2015-03-17,64.65,183457200
2015-03-18,65.26,108223320
2015-03-19,64.9,124342050
2015-03-20,67.0,147872150
2015-03-23,65.0,131474510
2015-03-24,65.6,121944620
2015-03-25,64.8,97814600
2015-03-26,62.85,148212490
2015-03-27,61.0,157726010
2015-03-30,63.01,121585170
2015-03-31,62.88,113703370
2015-04-01,64.5,161132260
2015-04-02,65.92,138482010
2015-04-03,65.5,85588420
2015-04-06,68.99,137120690
2015-04-07,69.6,224738420
2015-04-08,69.4,124300110
2015-04-09,72.0,187982850
2015-04-10,71.5,143967740
2015-04-13,74.1,165129570
2015-04-14,74.05,135451730
2015-04-15,76.49,153846180
2015-04-16,76.5,176773010
2015-04-17,72.5,157337590
2015-04-20,73.5,157896000
2015-04-21,75.24,157633660
2015-04-22,73.9,143896300
2015-04-23,75.8,192895230
2015-04-24,75.75,155138110
2015-04-27,75.2,126319130
2015-04-28,75.7,99218180
2015-04-29,75.2,87147120
2015-04-30,76.9,105036540
2015-05-05,80.21,136570620
2015-05-06,79.2,110343180
2015-05-07,76.5,111790370
2015-05-08,75.5,109570490
2015-05-12,75.19,99583780
2015-05-13,75.24,108370700
2015-05-14,74.31,89950110
2015-05-15,75.05,66428900
2015-05-18,75.36,91255640
2015-05-19,73.35,95117880
2015-05-20,71.6,111312700
2015-05-21,73.25,98610820
2015-05-22,74.35,130057270
2015-05-25,74.46,60933420
2015-05-26,74.67,80631210
2015-05-27,74.23,110149140
2015-05-28,73.6,83529650
2015-05-29,73.5,136698370
2015-06-01,72.65,113205280
2015-06-02,73.92,75392090
2015-06-03,71.72,107211510
2015-06-04,71.25,109970350
2015-06-05,70.61,77281110
2015-06-08,69.17,102748480
2015-06-09,70.21,98748730
2015-06-10,71.51,91552570
2015-06-11,72.55,123890170
2015-06-15,71.8,102080440
2015-06-16,73.5,107571400
2015-06-17,72.81,86995650
2015-06-18,72.98,91400010
2015-06-19,71.56,92741580
2015-06-22,72.0,74326940
2015-06-23,72.01,52938560
2015-06-24,71.98,56452820
2015-06-25,71.42,45477110
2015-06-26,70.6,98330570
2015-06-29,70.2,77616070
2015-06-30,72.35,99473820
2015-07-01,71.0,101154440
2015-07-02,70.54,83756690
2015-07-03,70.67,58707530
2015-07-06,68.45,123570110
2015-07-07,68.77,103684770
2015-07-08,67.73,160173700
2015-07-09,69.35,84780130
2015-07-10,71.06,108780680
2015-07-13,72.94,231581340
2015-07-14,73.9,110524300
2015-07-15,74.0,79249180
2015-07-16,74.21,56795770
2015-07-17,75.52,88937350
2015-07-20,74.1,89338110
2015-07-21,75.55,108985690
2015-07-22,74.6,99433200
2015-07-23,72.7,91626820
2015-07-24,70.45,133887760
2015-07-27,68.48,209986640
2015-07-28,69.55,181247650
2015-07-29,71.2,123880080
2015-07-30,72.2,107101630
2015-07-31,72.3,153437500
2015-08-03,71.1,117599820
2015-08-04,72.3,99409330
2015-08-05,73.49,113008940
2015-08-06,72.25,102421110
2015-08-07,74.2,105214340
2015-08-10,75.16,84327190
2015-08-11,73.2,113655080
2015-08-12,73.4,98910440
2015-08-13,73.7,77333790
2015-08-14,74.43,73226070
2015-08-17,73.0,94182540
2015-08-18,72.45,87653250
2015-08-19,71.5,105333980
2015-08-20,72.05,108445080
2015-08-21,69.86,118509720
2015-08-24,68.53,232160070
2015-08-25,70.79,145878970
2015-08-26,71.0,129671460
2015-08-27,73.8,153628490
2015-08-28,74.82,174611890
2015-08-31,74.5,152930380
2015-09-01,73.14,132717170
2015-09-02,72.9,139406370
2015-09-03,74.15,106955860
2015-09-04,73.96,80709310
2015-09-07,73.81,49845340
2015-09-08,74.9,98662390
2015-09-09,74.65,85993260
2015-09-10,74.3,93353580
2015-09-11,74.1,57012070
2015-09-14,74.88,76431280
2015-09-15,74.85,63782210
2015-09-16,77.71,124565490
2015-09-17,76.49,93647050
2015-09-18,75.5,103518130
2015-09-21,75.94,78643830
2015-09-22,74.39,102296950
2015-09-23,73.74,93374560
2015-09-24,73.33,101789760
2015-09-25,74.97,86018340
2015-09-28,74.57,69169380
2015-09-29,75.5,83624660
2015-09-30,75.3,86525120
2015-10-01,74.51,109384990
2015-10-02,73.8,98443470
2015-10-05,76.2,100484850
2015-10-06,77.31,102125210
2015-10-07,79.65,181436920
2015-10-08,83.11,234046020
2015-10-09,85.77,205573820
2015-10-12,85.45,146007620
2015-10-13,85.0,99736900
2015-10-14,86.81,114246530
2015-10-15,87.7,139294580
2015-10-16,88.52,143386100
2015-10-19,87.07,118152120
2015-10-20,88.14,109382370
2015-10-21,86.95,99081310
2015-10-22,86.53,90618250
2015-10-23,90.45,137358890
2015-10-26,92.3,154684320
2015-10-27,89.0,137755700
2015-10-28,90.05,128577920
2015-10-29,88.6,114433270
2015-10-30,90.53,85414040
2015-11-02,93.65,125019670
2015-11-03,95.4,122438730
2015-11-05,95.5,127769250
2015-11-06,94.09,106579170
2015-11-09,92.95,79039400
2015-11-10,94.35,71523380
2015-11-11,94.0,77489920
2015-11-12,94.29,79197840
2015-11-13,93.4,79071320
2015-11-16,95.8,88111460
2015-11-17,102.5,181101510
2015-11-18,104.0,136661570
2015-11-19,104.86,191081370
2015-11-20,107.3,113710820
2015-11-23,109.98,173233750
2015-11-24,105.6,154170880
2015-11-25,108.51,119491800
2015-11-26,106.48,80653490
2015-11-27,104.55,93334840
2015-11-30,102.9,87247790
2015-12-01,101.3,98894750
2015-12-02,102.5,89735480
2015-12-03,104.0,96438740
2015-12-04,103.05,107660660
2015-12-07,103.0,91341440
2015-12-08,97.0,159235470
2015-12-09,100.66,119148390
2015-12-10,100.13,88967510
2015-12-11,98.15,90949100
2015-12-14,97.7,101851290
2015-12-15,100.0,87563530
2015-12-16,102.45,70548170
2015-12-17,103.75,120210540
2015-12-18,98.81,108929250
2015-12-21,98.73,81398290
2015-12-22,99.8,48799790
2015-12-23,102.96,72286800
2015-12-24,101.35,72255900
2015-12-25,101.34,26197790
2015-12-28,100.2,36924620
2015-12-29,101.82,72703690
2015-12-30,101.26,38868080
2016-01-04,98.01,51264550
2016-01-05,98.89,49071570
2016-01-06,96.85,40710930
2016-01-11,91.03,86120290
2016-01-12,91.71,110109050
2016-01-13,91.5,74169700
2016-01-14,93.04,81179220
2016-01-15,87.27,133791200
2016-01-18,86.15,100574240
2016-01-19,86.68,114039260
2016-01-20,83.83,134624680
2016-01-21,86.0,143863130
2016-01-22,91.5,207689990
2016-01-25,91.0,131784760
2016-01-26,91.5,105375580
2016-01-27,95.75,150816500
2016-01-28,96.69,179555940
2016-01-29,96.5,165404880
2016-02-01,96.5,89621070
2016-02-02,94.4,128999060
2016-02-03,94.53,112704620
2016-02-04,97.57,122053010
2016-02-05,97.2,81434160
2016-02-08,94.7,106207300
2016-02-09,93.89,121341460
2016-02-10,96.35,111478160
2016-02-11,94.2,115370090
2016-02-12,94.85,79435870
2016-02-15,95.25,68610990
2016-02-16,96.51,114942500
2016-02-17,99.2,114840150
2016-02-18,102.7,125646250
2016-02-19,101.5,171600390
2016-02-20,102.39,18170020
2016-02-22,103.2,66187510
2016-02-24,102.1,89140580
2016-02-25,104.05,110333690
2016-02-26,106.24,144091540
2016-02-29,107.0,91798290
2016-03-01,108.26,114856490
2016-03-02,106.12,97924080
2016-03-03,106.99,80188360
2016-03-04,108.99,84288020
2016-03-07,109.47,75021080
2016-03-09,108.15,72419980
2016-03-10,108.84,94994800
2016-03-11,109.26,61331210
2016-03-14,109.26,66481000
2016-03-15,106.46,127043830
2016-03-16,107.0,75835060
2016-03-17,109.47,92997390
2016-03-18,112.4,134630750
2016-03-21,112.07,115565250
2016-03-22,111.49,107526080
2016-03-23,109.1,104185740
2016-03-24,108.06,93439810
2016-03-25,109.1,32979670
2016-03-28,108.12,50130410
2016-03-29,107.05,86835580
2016-03-30,109.15,84472720
2016-03-31,109.9,106590120
2016-04-01,108.52,101276220
2016-04-04,108.2,80458170
2016-04-05,106.87,75655980
2016-04-06,108.0,75577530
2016-04-07,108.51,80295520
2016-04-08,112.92,124450440
2016-04-11,117.35,150709430
2016-04-12,117.95,121033520
2016-04-13,119.5,103450650
2016-04-14,119.3,87986340
2016-04-15,119.3,70464930
2016-04-18,118.2,91828010
2016-04-19,121.5,137828350
2016-04-20,123.75,104454360
2016-04-21,119.17,181989880
2016-04-22,121.25,103033620
2016-04-25,120.08,67353690
2016-04-26,119.7,87582980
2016-04-27,120.8,90776270
2016-04-28,124.39,86145270
2016-04-29,123.55,102845000
2016-05-04,120.96,84919830
2016-05-05,120.92,56067230
2016-05-06,120.64,70324510
2016-05-10,119.55,66142640
2016-05-11,123.45,85404520
2016-05-12,121.2,82201850
2016-05-13,121.07,63730840
2016-05-16,122.6,59171910
2016-05-17,122.71,72505100
2016-05-18,123.12,50047460
2016-05-19,120.5,72437040
2016-05-20,121.9,54014280
2016-05-23,121.51,56408970
2016-05-24,123.5,56897490
2016-05-25,127.87,114073670
2016-05-26,132.16,125310740
2016-05-27,133.2,87175150
2016-05-30,134.45,37575080
2016-05-31,132.56,93363020
2016-06-01,131.36,64165110
2016-06-02,132.3,63947300
2016-06-03,131.59,68202630
2016-06-06,133.99,48666040
2016-06-07,139.97,101205300
2016-06-08,139.39,88540950
2016-06-09,139.61,56597300
2016-06-10,133.5,64569430
2016-06-14,127.08,109389570
2016-06-15,129.89,80324940
2016-06-16,127.1,67167630
2016-06-17,128.7,66796670
2016-06-20,132.13,47921580
2016-06-21,133.39,52409310
2016-06-22,134.81,45459110
2016-06-23,138.0,55163860
2016-06-24,133.4,107405790
2016-06-27,126.2,117447730
2016-06-28,129.57,91288180
2016-06-29,133.88,67216180
2016-06-30,133.0,86955520
2016-07-01,133.85,64562290
2016-07-04,134.6,37974790
2016-07-05,131.85,44240960
2016-07-06,129.36,70460970
2016-07-07,131.8,77524920
2016-07-08,134.41,75763390
2016-07-11,137.2,69836360
2016-07-12,140.4,63799710
2016-07-13,139.4,85670010
2016-07-14,140.0,61352910
2016-07-15,138.12,53551790
2016-07-18,139.93,46932760
2016-07-19,139.47,53219980
2016-07-20,138.57,63451000
2016-07-21,138.5,32417720
2016-07-22,137.8,33621130
2016-07-25,136.0,47091610
2016-07-26,135.75,65112170
2016-07-27,136.9,62463270
2016-07-28,136.85,56411550
2016-07-29,139.15,59193890
2016-08-01,138.52,47153870
2016-08-02,135.06,57230140
2016-08-03,135.73,46790060
2016-08-04,137.14,41613130
2016-08-05,138.69,44500460
2016-08-08,139.45,43544440
2016-08-09,139.2,52334380
2016-08-10,138.3,36208220
2016-08-11,139.7,38363080
2016-08-12,139.45,44408570
2016-08-15,139.5,40246250
2016-08-16,138.1,64976850
2016-08-17,138.44,42754590
2016-08-18,137.0,62192110
2016-08-19,135.8,42601100
2016-08-22,137.37,47528400
2016-08-23,140.35,59224560
2016-08-24,139.5,46466330
2016-08-25,142.84,76078810
2016-08-26,145.25,75195700
2016-08-29,143.55,45656960
2016-08-30,143.18,50500270
2016-08-31,143.5,45305830
2016-09-01,144.25,41963100
2016-09-02,146.88,53845560
2016-09-05,149.5,59600300
2016-09-06,150.64,60199870
2016-09-07,154.33,95300490
2016-09-08,153.45,64752830
2016-09-09,151.6,33786550
2016-09-12,151.43,56124240
2016-09-13,149.8,36177590
2016-09-14,150.86,38730080
2016-09-15,149.14,45152290
2016-09-16,147.0,49929080
2016-09-19,148.66,38986370
2016-09-20,149.3,35197210
2016-09-21,150.67,43825610
2016-09-22,154.18,66192510
2016-09-23,151.5,51201870
2016-09-26,149.1,52078570
2016-09-27,147.53,40476550
2016-09-28,147.18,40322000
2016-09-29,148.47,56728010
2016-09-30,145.34,58037520
2016-10-03,148.87,47993880
2016-10-04,148.1,46486550
2016-10-05,147.95,37993810
2016-10-06,148.9,32716690
2016-10-07,148.74,49440170
2016-10-10,151.27,37509660
2016-10-11,151.3,46387240
2016-10-12,149.2,35366250
2016-10-13,146.09,52838360
2016-10-14,146.73,37124120
2016-10-17,146.46,42616240
2016-10-18,147.74,32955000
2016-10-19,148.6,31874420
2016-10-20,148.26,34266570
2016-10-21,148.42,23329810
2016-10-24,149.15,37453910
2016-10-25,151.57,36161040
2016-10-26,150.67,35952060
2016-10-27,149.3,28739200
2016-10-28,149.2,22418130
2016-10-31,147.4,27721920
2016-11-01,145.85,44168710
2016-11-02,142.36,60205670
2016-11-03,142.75,40341340
2016-11-07,143.4,32443490
2016-11-08,146.11,37347690
2016-11-09,151.04,102394650
2016-11-10,153.36,100426420
2016-11-11,151.51,69515020
2016-11-14,150.4,47655170
2016-11-15,149.85,50518750
2016-11-16,149.94,35759620
2016-11-17,149.75,37684570
2016-11-18,150.05,27291020
2016-11-21,153.0,40030400
2016-11-22,155.0,68572050
2016-11-23,155.23,36365060
2016-11-24,161.15,68795980
2016-11-25,160.36,69148720
2016-11-28,159.4,33551380
2016-11-29,158.07,49350470
2016-11-30,158.7,62385780
2016-12-01,158.7,44384190
2016-12-02,159.4,52755790
2016-12-05,162.02,56633080
2016-12-06,159.35,47160440
2016-12-07,159.95,46914440
2016-12-08,168.98,98187850
2016-12-09,169.66,74497920
2016-12-12,175.4,114401460
2016-12-13,176.9,64580090
2016-12-14,173.7,53848710
2016-12-15,174.92,75039220
2016-12-16,173.9,50133300
2016-12-19,174.3,34213020
2016-12-20,175.9,31563470
2016-12-21,174.71,92678660
2016-12-22,170.0,67004190
2016-12-23,171.15,37355710
2016-12-26,171.97,21221200
2016-12-27,172.27,19784040
2016-12-28,170.1,37022030
2016-12-29,171.3,49661210
2016-12-30,173.25,35427000
2017-01-03,180.12,53890400
2017-01-04,175.95,41400710
2017-01-05,171.9,35093040
2017-01-06,170.69,35415590
2017-01-09,168.35,35187380
2017-01-10,171.6,58874120
2017-01-11,169.05,52772790
2017-01-12,168.27,49854940
2017-01-13,164.9,85990570
2017-01-16,164.66,37577470
2017-01-17,165.98,45968310
2017-01-18,165.24,42479900
2017-01-19,166.3,38478840
2017-01-20,167.49,32581460
2017-01-23,166.75,36457470
2017-01-24,170.25,45397860
2017-01-25,170.26,42543080
2017-01-26,173.79,56105000
2017-01-27,178.92,71123150
2017-01-30,174.6,45935720
2017-01-31,172.2,46486680
2017-02-01,173.9,42252780
2017-02-02,172.83,31064430
2017-02-03,173.8,34744860
2017-02-06,172.87,33943730
2017-02-07,173.47,33506000
2017-02-08,171.2,33314310
2017-02-09,168.8,48730500
2017-02-10,165.5,59337100
2017-02-13,164.7,53028170
2017-02-14,162.7,54466800
2017-02-15,163.5,68808530
2017-02-16,166.49,44328980
2017-02-17,165.49,32616900
2017-02-20,165.44,26986270
2017-02-21,167.0,39649880
2017-02-22,165.9,40662980
2017-02-24,165.51,29704800
2017-02-27,160.95,41947190
2017-02-28,156.0,67919290
2017-03-01,160.0,62258970
2017-03-02,163.4,65453580
2017-03-03,164.4,38242710
2017-03-06,162.0,36845090
2017-03-07,160.98,44866990
2017-03-09,156.2,63696720
2017-03-10,157.5,51296630
2017-03-13,158.92,34087370
2017-03-14,157.42,59200290
2017-03-15,156.2,48858400
2017-03-16,158.35,68322520
2017-03-17,161.15,65470090
2017-03-20,163.8,41497240
2017-03-21,162.98,39831880
2017-03-22,162.92,40877170
2017-03-23,164.15,38722220
2017-03-24,164.52,33041260
2017-03-27,162.69,35418700
2017-03-28,163.66,30489200
2017-03-29,163.22,26160370
2017-03-30,163.5,24410850
2017-03-31,159.8,31639970
2017-04-03,161.8,32726400
2017-04-04,163.5,23333230
2017-04-05,168.1,57753380
2017-04-06,167.49,24422020
2017-04-07,161.49,59739010
2017-04-10,155.2,73718410
2017-04-11,156.0,53342100
2017-04-12,150.28,53279800
2017-04-13,152.0,70013640
2017-04-14,149.24,25092420
2017-04-17,153.99,48418090
2017-04-18,153.4,60882590
2017-04-19,153.6,38955390
2017-04-20,158.21,64127430
2017-04-21,159.59,57187090
2017-04-24,162.5,48021380
2017-04-25,162.55,40534410
2017-04-26,165.05,49259630
2017-04-27,164.69,43712420
2017-04-28,165.2,40999710
2017-05-02,166.64,42498180
2017-05-03,164.71,33570350
2017-05-04,165.5,37623080
2017-05-05,165.8,35495540
2017-05-10,170.8,46474510
2017-05-11,169.97,56593530
2017-05-12,167.7,37355540
2017-05-15,171.35,47099400
2017-05-16,170.66,37205990
2017-05-17,169.24,35218260
2017-05-18,166.5,57482410
2017-05-19,168.87,36552330
2017-05-22,168.03,29679120
2017-05-23,166.31,39501140
2017-05-24,165.7,46891970
2017-05-25,164.05,34373440
2017-05-26,160.7,46062750
2017-05-29,163.9,28741460
2017-05-30,161.64,22672890
2017-05-31,155.93,74365770
2017-06-01,153.0,50590080
2017-06-02,157.14,65420920
2017-06-05,154.7,48595070
2017-06-06,152.8,34673910
2017-06-07,152.82,43663590
2017-06-08,151.93,67991950
2017-06-09,150.13,45312560
2017-06-13,146.0,53389650
2017-06-14,143.0,58225630
2017-06-15,139.0,183326250
2017-06-16,141.63,79690200
2017-06-19,145.0,55251940
2017-06-20,144.9,58990950
2017-06-21,143.49,48036300
2017-06-22,144.25,54360770
2017-06-23,144.1,42333900
2017-06-26,144.49,46189970
2017-06-27,147.1,51070850
2017-06-28,145.5,45975150
2017-06-29,143.8,48806780
2017-06-30,145.59,67210520
2017-07-03,147.5,38410910
2017-07-04,149.39,40165050
2017-07-05,148.96,48191260
2017-07-06,150.35,51568300
2017-07-07,152.16,57150370
2017-07-10,155.0,63627110
2017-07-11,156.91,57224430
2017-07-12,160.85,70426950
2017-07-13,159.94,71818670
2017-07-14,161.4,43599590
2017-07-17,161.98,40217710
2017-07-18,161.7,36470090
2017-07-19,164.34,56474420
2017-07-20,163.93,41944460
2017-07-21,162.1,35022910
2017-07-24,161.33,57495790
2017-07-25,160.22,43210700
2017-07-26,161.55,42613080
2017-07-27,166.0,55346350
2017-07-28,165.4,50132670
2017-07-31,164.53,55781520
2017-08-01,166.31,55355180
2017-08-02,169.9,55341010
2017-08-03,170.0,56318760
2017-08-04,169.73,27204000
2017-08-07,172.79,35533610
2017-08-08,175.75,50529650
2017-08-09,173.4,49021230
2017-08-10,172.2,30020500
2017-08-11,172.05,60812390
2017-08-14,172.51,30902070
2017-08-15,172.33,30384890
2017-08-16,173.05,41837570
2017-08-17,172.72,26052310
2017-08-18,169.5,52379100
2017-08-21,169.9,36731730
2017-08-22,171.0,37858620
2017-08-23,175.3,55467190
2017-08-24,179.8,78590210
2017-08-25,180.51,68786620
2017-08-28,181.85,27960960
2017-08-29,181.89,46130680
2017-08-30,183.5,48548970
2017-08-31,183.51,64267180
2017-09-01,183.66,34360100
2017-09-04,184.1,25717510
2017-09-05,184.14,34342180
2017-09-06,183.12,33518200
2017-09-07,184.0,45668560
2017-09-08,185.89,60690500
2017-09-11,190.5,61682280
2017-09-12,189.32,50535740
2017-09-13,189.1,47811940
2017-09-14,188.64,38052220
2017-09-15,188.75,44784370
2017-09-18,188.04,29580440
2017-09-19,184.85,41401170
2017-09-20,186.47,50034550
2017-09-21,187.38,41621350
2017-09-22,187.55,37307660
2017-09-25,191.2,64177070
2017-09-26,192.54,82080300
2017-09-27,193.7,55030940
2017-09-28,191.96,39113080
2017-09-29,192.33,26325570
2017-10-02,193.0,35954810
2017-10-03,192.5,28657490
2017-10-04,192.03,26536580
2017-10-05,193.74,49466550
2017-10-06,194.16,52399740
2017-10-09,194.0,27756660
2017-10-10,193.21,17832400
2017-10-11,195.83,58002000
2017-10-12,195.51,34969250
2017-10-13,196.48,30338910
2017-10-16,197.7,26979280
2017-10-17,197.2,26239760
2017-10-18,195.31,43547040
2017-10-19,192.2,40359720
2017-10-20,192.97,29002730
2017-10-23,192.34,26949880
2017-10-24,192.5,28262140
2017-10-25,192.04,32303420
2017-10-26,192.75,25634660
2017-10-27,196.05,46796590
2017-10-30,195.0,31936710
2017-10-31,193.8,25643690
2017-11-01,194.05,40292630
2017-11-02,193.85,33747050
2017-11-03,193.8,30615880
2017-11-07,205.96,135174410
2017-11-08,209.09,88294790
2017-11-09,220.05,116648980
2017-11-10,217.7,143570000
2017-11-13,216.61,50943980
2017-11-14,221.4,45905390
2017-11-15,225.95,72212510
2017-11-16,227.5,85863110
2017-11-17,225.65,37958790
2017-11-20,224.6,18853280
2017-11-21,231.0,77573460
2017-11-22,230.25,45932160
2017-11-23,225.56,41140440
2017-11-24,228.0,44277250
2017-11-27,226.76,24026270
2017-11-28,230.0,40901370
2017-11-29,228.2,34340960
2017-11-30,224.35,46122870
2017-12-01,221.5,39983910
2017-12-04,224.6,45155240
2017-12-05,223.91,27885630
2017-12-06,223.75,23136530
2017-12-07,219.81,38228880
2017-12-08,220.89,28324950
2017-12-11,227.69,34539660
2017-12-12,227.9,39739590
2017-12-13,221.8,61576220
2017-12-14,229.9,55632890
2017-12-15,226.53,42529200
2017-12-18,227.4,24519570
2017-12-19,224.1,34991830
2017-12-20,226.0,34199080
2017-12-21,223.6,34750260
2017-12-22,221.44,21524310
2017-12-25,223.3,11183210
2017-12-26,223.57,12303590
2017-12-27,226.98,30101220
2017-12-28,224.2,24078940
2017-12-29,225.2,18919860
2018-01-03,231.9,34549620
2018-01-04,238.8,53598520
2018-01-05,238.6,31579190
2018-01-09,240.4,53172330
2018-01-10,237.76,39371720
2018-01-11,239.0,43067630
2018-01-12,237.75,30895860
2018-01-15,238.85,25681720
2018-01-16,239.64,25475380
2018-01-17,239.82,30522070
2018-01-18,245.5,64156650
2018-01-19,242.45,38996990
2018-01-22,243.99,25098970
2018-01-23,244.4,43978210
2018-01-24,247.53,31180190
2018-01-25,250.64,54995210
2018-01-26,247.0,35231900
2018-01-29,250.48,49186400
2018-01-30,257.8,65622240
2018-01-31,264.5,63707920
2018-02-01,263.2,73041240
2018-02-02,257.32,64657160
2018-02-05,255.64,45926950
2018-02-06,258.94,85982110
2018-02-07,257.58,53641050
2018-02-08,253.19,37198300
2018-02-09,250.11,81984710
2018-02-12,255.05,41817940
2018-02-13,258.3,43733360
2018-02-14,262.03,60442410
2018-02-15,264.58,60907490
2018-02-16,266.99,51931210
2018-02-19,266.85,24171390
2018-02-20,267.22,24750090
2018-02-21,279.2,70374070
2018-02-22,277.49,50751740
2018-02-26,279.97,67733260
2018-02-27,278.21,40006960
2018-02-28,272.4,53012950
2018-03-01,275.0,38979860
2018-03-02,273.0,46027880
2018-03-05,277.0,34109000
2018-03-06,274.03,40605460
2018-03-07,274.0,49998920
2018-03-09,274.6,26351860
2018-03-12,274.3,23710370
2018-03-13,273.95,34643840
2018-03-14,262.5,61779660
2018-03-15,254.51,78054390
2018-03-16,256.15,91870960
2018-03-19,255.0,42502100
2018-03-20,257.15,62966810
2018-03-21,268.88,69909930
2018-03-22,265.5,55550150
2018-03-23,262.0,46285060
2018-03-26,255.0,56903720
2018-03-27,258.0,45163380
2018-03-28,251.5,43754240
2018-03-29,252.9,33625120
2018-03-30,253.57,10912160
2018-04-02,249.99,35436630
2018-04-03,251.6,63806710
2018-04-04,255.69,52051840
2018-04-05,262.0,52779220
2018-04-06,256.76,40256090
2018-04-09,213.0,250018990
2018-04-10,214.8,253346870
2018-04-11,208.0,185659760
2018-04-12,212.21,126954920
2018-04-13,204.7,106926900
2018-04-16,192.06,199704860
2018-04-17,207.5,169904570
2018-04-18,215.87,174039490
2018-04-19,213.45,133533840
2018-04-20,215.36,57871710
2018-04-23,223.25,116947630
2018-04-24,223.0,83961110
2018-04-25,220.45,69675890
2018-04-26,220.7,73277610
2018-04-27,223.91,81940000
2018-04-28,224.8,10314450
2018-04-30,226.99,39358910
2018-05-02,229.02,40017840
2018-05-03,228.03,79625270
2018-05-04,228.55,48163140
2018-05-07,229.86,37271570
2018-05-08,226.7,55972540
2018-05-10,233.7,72199030
2018-05-11,235.72,55080740
2018-05-14,237.8,34774680
2018-05-15,231.39,53009530
2018-05-16,229.8,70162450
2018-05-17,226.05,43455710
2018-05-18,222.2,60330030
2018-05-21,226.21,38991090
2018-05-22,225.6,43268320
2018-05-23,221.0,48854650
2018-05-24,222.01,37214260
2018-05-25,220.0,50137840
2018-05-28,220.9,23187310
2018-05-29,219.0,35940720
2018-05-30,221.01,48626980
2018-05-31,222.36,67415130
2018-06-01,220.0,35532280
2018-06-04,220.0,32256200
2018-06-05,215.56,51368750
2018-06-06,217.9,35857770
2018-06-07,216.41,32483420
2018-06-08,210.95,67632240
2018-06-09,212.6,6508460
2018-06-11,210.35,28263970
2018-06-13,215.0,48675610
2018-06-14,214.0,42732410
2018-06-15,209.36,86209880
2018-06-18,206.3,54276700
2018-06-19,206.0,51734620
2018-06-20,212.2,60991640
2018-06-21,210.4,65102970
2018-06-22,214.43,67568430
2018-06-25,202.51,56516980
2018-06-26,199.91,54747990
2018-06-27,207.95,81134770
2018-06-28,208.5,46877330
2018-06-29,218.0,76707660
2018-07-02,221.01,55213130
2018-07-03,218.45,38401730
2018-07-04,217.7,20277940
2018-07-05,224.54,53737300
2018-07-06,226.71,55247910
2018-07-09,230.0,50069820
2018-07-10,230.3,43340410
2018-07-11,227.57,58161000
2018-07-12,226.6,40488130
2018-07-13,229.85,39651270
2018-07-16,227.99,35579630
2018-07-17,222.5,62586090
2018-07-18,216.28,61197290
2018-07-19,207.5,93333130
2018-07-20,204.34,126702190
2018-07-23,208.42,55275810
2018-07-24,215.45,54142290
2018-07-25,213.7,76868200
2018-07-26,210.0,59754670
2018-07-27,208.9,58628430
2018-07-30,211.33,48372730
2018-07-31,214.86,45260950
2018-08-01,210.6,37666650
2018-08-02,206.6,58115220
2018-08-03,202.21,74165120
2018-08-06,203.9,52730870
2018-08-07,201.79,60553370
2018-08-08,193.2,142075030
2018-08-09,195.9,160336490
2018-08-10,186.15,113592570
2018-08-13,190.0,106701070
2018-08-14,192.76,82753490
2018-08-15,187.98,77725280
2018-08-16,191.6,54684020
2018-08-17,189.55,45242690
2018-08-20,191.2,49443050
2018-08-21,191.8,40349600
2018-08-22,187.8,66396800
2018-08-23,178.71,147648980
2018-08-24,180.39,133262230
2018-08-27,183.27,51721470
2018-08-28,182.0,49610370
2018-08-29,183.5,39285100
2018-08-30,178.0,66285490
2018-08-31,182.0,63814120
2018-09-03,181.21,31275240
2018-09-04,179.5,56794110
2018-09-05,178.46,44505050
2018-09-06,175.0,49419910
2018-09-07,174.9,68532820
2018-09-10,171.21,77730540
2018-09-11,169.36,93278700
2018-09-12,173.9,93574140
2018-09-13,183.5,194912360
2018-09-14,188.71,127908270
2018-09-17,188.11,67025000
2018-09-18,191.65,83601870
2018-09-19,193.9,61065690
2018-09-20,191.16,133004440
2018-09-21,193.44,109182050
2018-09-24,198.75,76000500
2018-09-25,195.55,90058270
2018-09-26,195.79,61988530
2018-09-27,204.1,101333900
2018-09-28,203.32,101839410
2018-10-01,204.2,55013680
2018-10-02,199.5,79003430
2018-10-03,198.3,76679890
2018-10-04,189.35,87451180
2018-10-05,187.2,103279820
2018-10-08,191.85,82502650
2018-10-09,191.25,86121280
2018-10-10,189.89,67336620
2018-10-11,185.27,125364360
2018-10-12,191.85,63093510
2018-10-15,190.92,54220850
2018-10-16,196.05,64061080
2018-10-17,194.05,79027880
2018-10-18,191.0,49394850
2018-10-19,183.8,96950320
2018-10-22,180.7,92854160
2018-10-23,181.0,77903480
2018-10-24,188.01,106814960
2018-10-25,186.71,80112060
2018-10-26,181.0,92868230
2018-10-29,185.59,61368040
2018-10-30,184.78,61227000
2018-10-31,189.8,66890490
2018-11-01,188.67,77588390
2018-11-02,192.6,69325930
2018-11-06,197.8,65904630
2018-11-07,201.9,98634400
2018-11-08,202.89,94736930
2018-11-09,195.75,96097970
2018-11-12,196.82,82362260
2018-11-13,196.56,78638020
2018-11-14,199.2,83071810
2018-11-15,200.15,62376350
2018-11-16,199.26,66434280
2018-11-19,197.99,50559670
2018-11-20,194.21,66392190
2018-11-21,197.5,58475250
2018-11-22,199.4,49731020
2018-11-23,197.3,50984250
2018-11-26,188.5,117412600
2018-11-27,191.03,87812910
2018-11-28,190.2,60383880
2018-11-29,195.76,83234570
2018-11-30,194.0,67411490
2018-12-03,200.3,81820020
2018-12-04,199.0,58006750
2018-12-05,196.0,49771400
2018-12-06,192.19,64556990
2018-12-07,195.01,64007740
2018-12-10,191.8,61815010
2018-12-11,192.57,54872050
2018-12-12,190.45,50988040
2018-12-13,189.17,43510520
2018-12-14,184.93,73307750
2018-12-17,182.3,59876690
2018-12-18,186.6,80342620
2018-12-19,188.85,61953220
2018-12-20,189.3,88123070
2018-12-21,186.79,60633190
2018-12-24,184.3,32587550
2018-12-25,183.3,34732450
2018-12-26,183.4,30129900
2018-12-27,185.0,47527120
2018-12-28,186.5,39831090
2018-12-29,186.3,9167600
2019-01-03,186.99,40249190
2019-01-04,190.99,32583360
2019-01-08,191.24,38856560
2019-01-09,197.0,70707820
2019-01-10,196.75,56378780
2019-01-11,196.8,63811140
2019-01-14,196.8,44774070
2019-01-15,198.0,53217180
2019-01-16,201.26,62469270
2019-01-17,203.32,59989420
2019-01-18,208.44,74335240
2019-01-21,207.17,55523010
2019-01-22,207.95,51361560
2019-01-23,210.4,79765560
2019-01-24,212.2,78537190
2019-01-25,212.0,58844660
2019-01-28,209.7,56537300
2019-01-29,213.61,63963210
2019-01-30,213.14,59319900
2019-01-31,217.9,80344740
2019-02-01,216.29,55512060
2019-02-04,215.5,40925530
2019-02-05,217.85,46690970
2019-02-06,216.59,46155500
2019-02-07,211.01,69248500
2019-02-08,210.43,51799020
2019-02-11,214.0,49657780
2019-02-12,219.1,73724050
2019-02-13,213.9,85228940
2019-02-14,204.43,155830530
2019-02-15,208.0,79213270
2019-02-18,204.19,76658220
2019-02-19,202.08,66705090
2019-02-20,206.89,66813180
2019-02-21,203.41,68159040
2019-02-22,205.25,45768640
2019-02-25,205.86,70929780
2019-02-26,205.8,50829020
2019-02-27,205.4,54146260
2019-02-28,207.8,62340230
2019-03-01,206.54,46106110
2019-03-04,205.5,31661100
2019-03-05,202.92,46422920
2019-03-06,205.0,52940220
2019-03-07,203.95,46079750
2019-03-11,205.25,42484580
2019-03-12,205.1,42292620
2019-03-13,206.0,28536880
2019-03-14,203.66,43879390
2019-03-15,203.55,35953260
2019-03-18,205.9,40854520
2019-03-19,207.7,47791920
2019-03-20,209.8,55535200
2019-03-21,210.61,67037150
2019-03-22,207.7,49421400
2019-03-25,214.0,108111450
2019-03-26,218.0,81466100
2019-03-27,214.1,71996140
2019-03-28,215.07,47565550
2019-03-29,214.42,85814090
2019-04-01,217.7,51803650
2019-04-02,218.23,49230090
2019-04-03,219.05,92738080
2019-04-04,221.8,51964100
2019-04-05,227.5,78052850
2019-04-08,232.3,70857870
2019-04-09,238.0,117431200
2019-04-10,243.68,129370870
2019-04-11,238.86,105413510
2019-04-12,239.5,96227220
2019-04-15,237.8,47884980
2019-04-16,233.24,86433710
2019-04-17,234.3,70239480
2019-04-18,232.79,55729500
2019-04-19,232.6,12300520
2019-04-22,235.41,44282380
2019-04-23,235.67,56873940
2019-04-24,236.0,43619460
2019-04-25,227.8,100809150
2019-04-26,223.18,94128120
2019-04-29,228.8,48833240
2019-04-30,225.17,63461350
2019-05-02,229.1,36536970
2019-05-03,232.52,47635490
2019-05-06,232.8,48493800
2019-05-07,231.49,46520740
2019-05-08,230.0,42299640
2019-05-10,227.0,44398820
2019-05-13,224.22,47092220
2019-05-14,227.88,76594470
2019-05-15,228.69,61125230
2019-05-16,228.19,40133150
2019-05-17,226.94,28523030
2019-05-20,226.0,30226170
2019-05-21,232.71,59079510
2019-05-22,235.86,59430610
2019-05-23,229.3,51517700
2019-05-24,234.45,65885440
2019-05-27,236.0,27786310
2019-05-28,233.19,74118940
2019-05-29,233.4,51831510
2019-05-30,232.75,36413600
2019-05-31,233.24,53532020
2019-06-03,239.95,84461310
2019-06-04,236.0,70060790
2019-06-05,239.0,52861630
2019-06-06,244.89,61360950
2019-06-07,248.28,68423470
2019-06-10,249.0,62696710
2019-06-11,235.89,67944000
2019-06-13,240.49,75253430
2019-06-14,238.8,50409780
2019-06-17,237.8,33622230
2019-06-18,241.8,48958470
2019-06-19,240.4,33945380
2019-06-20,244.1,64381820
2019-06-21,238.02,61061660
2019-06-24,239.09,27723430
2019-06-25,236.7,38549170
2019-06-26,240.59,39714300
2019-06-27,240.5,48171380
2019-06-28,238.55,33405070
2019-07-01,242.98,50758220
2019-07-02,241.2,28583620
2019-07-03,241.51,32731470
2019-07-04,242.82,25316980
2019-07-05,242.83,27870840
2019-07-08,243.3,28620550
2019-07-09,242.74,26380230
2019-07-10,243.76,41599760
2019-07-11,241.3,33165890
2019-07-12,237.02,47691520
2019-07-15,235.27,45070430
2019-07-16,234.75,36223090
2019-07-17,234.63,33529510
2019-07-18,234.78,23057060
2019-07-19,232.85,34706170
2019-07-22,230.35,37949300
2019-07-23,232.48,36363560
2019-07-24,230.65,27365890
2019-07-25,232.9,33078390
2019-07-26,230.55,25918140
2019-07-29,232.8,18373570
2019-07-30,236.0,34843870
2019-07-31,233.49,50848520
2019-08-01,229.5,56165810
2019-08-02,220.81,94676140
2019-08-05,222.24,49233230
2019-08-06,226.01,48804210
2019-08-07,222.25,49612760
2019-08-08,223.93,31264340
2019-08-09,220.67,31503650
2019-08-12,222.3,28795640
2019-08-13,223.18,46729240
2019-08-14,217.11,52025460
2019-08-15,214.59,68320490
2019-08-16,215.05,38449500
2019-08-19,217.4,37788830
2019-08-20,216.0,37017510
2019-08-21,218.62,42949600
2019-08-22,219.5,45760130
2019-08-23,219.5,54778400
2019-08-26,218.5,35264670
2019-08-27,217.89,51340690
2019-08-28,218.3,30298300
2019-08-29,221.5,35897160
2019-08-30,224.2,58186220
2019-09-02,226.68,38941480
2019-09-03,224.0,44560910
2019-09-04,227.1,41663520
2019-09-05,230.79,54900790
2019-09-06,229.02,37942350
2019-09-09,229.0,22795060
2019-09-10,233.3,60396660
2019-09-11,234.72,41927500
2019-09-12,234.57,38978190
2019-09-13,233.0,23109620
2019-09-16,235.32,39568910
2019-09-17,235.89,55770430
2019-09-18,235.3,25599810
2019-09-19,234.98,39447820
2019-09-20,232.0,40638980
2019-09-23,229.7,28199640
2019-09-24,227.5,43410340
2019-09-25,228.09,37974670
2019-09-26,229.09,32739690
2019-09-27,228.05,18062510
2019-09-30,227.71,30235910
2019-10-01,226.49,29870590
2019-10-02,223.5,42441850
2019-10-03,224.08,38368040
2019-10-04,222.76,32222650
2019-10-07,227.55,40155510
2019-10-08,226.03,31019500
2019-10-09,227.7,39714120
2019-10-10,228.5,31717090
2019-10-11,230.31,37497240
2019-10-14,228.4,34628680
2019-10-15,229.4,30763750
2019-10-16,231.0,39214000
2019-10-17,233.5,46007620
2019-10-18,235.55,42729350
2019-10-21,234.94,28457490
2019-10-22,239.77,40298890
2019-10-23,239.57,34655410
2019-10-24,242.78,40384770
2019-10-25,240.0,49789040
2019-10-28,237.03,39049350
2019-10-29,240.11,41494140
2019-10-30,239.51,43597180
2019-10-31,234.89,60316780
2019-11-01,236.4,39229280
2019-11-05,238.53,43691630
2019-11-06,239.02,33409220
2019-11-07,242.5,44689490
2019-11-08,240.17,30570360
2019-11-11,241.5,27141630
2019-11-12,239.87,35518510
2019-11-13,237.21,31448020
2019-11-14,237.5,34330750
2019-11-15,240.0,30696890
2019-11-18,237.45,32959720
2019-11-19,239.25,29135880
2019-11-20,237.78,28102170
2019-11-21,237.15,24654430
2019-11-22,238.13,33570690
2019-11-25,237.98,17558180
2019-11-26,235.0,58341360
2019-11-27,234.22,21885350
2019-11-28,235.2,18855690
2019-11-29,233.98,27285350
2019-12-02,233.77,28216350
2019-12-03,230.66,26687260
2019-12-04,231.59,24314550
2019-12-05,231.71,23210580
2019-12-06,235.14,33286170
2019-12-09,237.04,31774040
2019-12-10,237.91,36098910
2019-12-11,240.32,44167850
2019-12-12,241.05,36174650
2019-12-13,241.21,33163750
2019-12-16,241.45,25624180
2019-12-17,241.6,33841520
2019-12-18,246.2,55765490
2019-12-19,244.0,59951760
2019-12-20,244.71,32957750
2019-12-23,248.8,23996810
2019-12-24,248.67,21062040
2019-12-25,248.04,7921260
2019-12-26,248.24,12989080
2019-12-27,252.06,31982760
2019-12-30,254.75,43157360
2020-01-03,255.0,35851840
2020-01-06,253.9,22348300
2020-01-08,259.15,40817240
2020-01-09,257.99,38329020
2020-01-10,258.19,18851390
2020-01-13,262.4,25855010
2020-01-14,259.05,31125740
2020-01-15,256.31,49361790
2020-01-16,257.51,40246770
2020-01-17,262.5,44914290
2020-01-20,266.28,29797710
2020-01-21,268.06,38082090
2020-01-22,266.54,44282490
2020-01-23,263.73,40604170
2020-01-24,265.49,27340100
2020-01-27,255.32,56453370
2020-01-28,257.7,48137360
2020-01-29,259.94,35047940
2020-01-30,257.31,31769340
2020-01-31,252.2,47921560
2020-02-03,253.99,52728460
2020-02-04,255.4,49786360
2020-02-05,255.2,50756570
2020-02-06,252.11,43615980
2020-02-07,254.3,50226630
2020-02-10,252.26,35220690
2020-02-11,254.5,79454730
2020-02-12,254.5,52523300
2020-02-13,253.89,36730840
2020-02-14,251.75,30017380
2020-02-17,251.36,26429380
2020-02-18,249.2,36365950
2020-02-19,249.7,25798890
2020-02-20,250.15,30717360
2020-02-21,250.8,27762930
2020-02-25,245.19,41055780
2020-02-26,250.8,67757850
2020-02-27,242.88,58240400
2020-02-28,233.36,124633310
2020-03-02,228.17,101986040
2020-03-03,236.63,83653950
2020-03-04,235.27,54274670
2020-03-05,232.33,57083760
2020-03-06,219.99,104446900
2020-03-10,201.2,244541800
2020-03-11,194.53,138304030
2020-03-12,175.91,197972880
2020-03-13,198.6,263038280
2020-03-16,195.85,174273600
2020-03-17,184.01,184148390
2020-03-18,174.27,155008180
2020-03-19,189.51,187427700
2020-03-20,195.69,170582970
2020-03-23,183.37,157891450
2020-03-24,192.64,104881990
2020-03-25,188.08,187978350
2020-03-26,188.07,111602370
2020-03-27,180.38,114277750
2020-03-30,183.0,94334680
2020-03-31,187.21,114026920
2020-04-01,184.78,76826820
2020-04-02,186.95,125636360
2020-04-03,185.64,92860290
2020-04-06,190.7,77864920
2020-04-07,197.63,136421670
2020-04-08,200.29,89980980
2020-04-09,203.61,109981630
2020-04-10,201.99,28758250
2020-04-13,198.26,41284390
2020-04-14,197.37,80220070
2020-04-15,186.07,98164460
2020-04-16,188.5,109174870
2020-04-17,191.8,71727940
2020-04-20,189.32,62240080
2020-04-21,186.05,94307290
2020-04-22,190.2,75361890
2020-04-23,190.94,62759650
2020-04-24,188.91,55313850
2020-04-27,188.9,43711720
2020-04-28,192.8,78584780
2020-04-29,195.8,69842140
2020-04-30,197.25,87198650
2020-05-04,193.69,56398200
2020-05-05,194.75,35439260
2020-05-06,195.7,49561410
2020-05-07,195.51,57728990
2020-05-08,196.02,33836340
2020-05-12,191.4,67656880
2020-05-13,187.31,63466110
2020-05-14,183.81,76682120
2020-05-15,183.85,63148140
2020-05-18,188.93,77545890
2020-05-19,189.0,105324020
2020-05-20,193.98,93343040
2020-05-21,192.4,79541950
2020-05-22,188.9,57013570
2020-05-25,191.0,23140090
2020-05-26,194.0,79312200
2020-05-27,198.51,116074210
2020-05-28,205.0,117179670
2020-05-29,200.5,106653140
2020-06-01,203.66,65650670
2020-06-02,212.0,116868310
2020-06-03,221.5,145043730
2020-06-04,213.1,122494020
2020-06-05,219.1,88658860
2020-06-08,220.3,88826700
2020-06-09,217.23,69166250
2020-06-10,212.53,91895460
2020-06-11,208.35,70033060
2020-06-15,207.32,75996510
2020-06-16,207.76,66559110
2020-06-17,208.14,56578870
2020-06-18,203.77,72275760
2020-06-19,207.0,75045510
2020-06-22,206.4,58664110
2020-06-23,207.3,53487940
2020-06-25,206.92,71495220
2020-06-26,203.15,46690640
2020-06-29,205.8,43082680
2020-06-30,203.22,43754960
2020-07-02,209.6,76382050
2020-07-03,210.95,50644210
2020-07-06,214.61,55455110
2020-07-07,210.53,44728560
2020-07-08,210.97,42068480
2020-07-09,209.11,45189000
2020-07-10,212.28,50706520
2020-07-13,208.39,51331610
2020-07-14,209.5,66035020
2020-07-15,211.09,49529010
2020-07-16,211.35,39030370
2020-07-17,210.81,36140220
2020-07-20,213.89,44507600
2020-07-21,215.73,75649160
2020-07-22,216.71,48441000
2020-07-23,215.41,43424820
2020-07-24,215.97,53567220
2020-07-27,216.9,38321750
2020-07-28,215.53,24610340
2020-07-29,219.18,41346230
2020-07-30,218.15,51264970
2020-07-31,221.57,59709710
2020-08-03,226.72,64556650
2020-08-04,227.16,42017490
2020-08-05,226.4,54642900
2020-08-06,226.0,30164090
2020-08-07,227.28,35640160
2020-08-10,225.99,43502880
2020-08-11,232.65,81875170
2020-08-12,242.4,101002270
2020-08-13,241.39,85720330
2020-08-14,239.99,44284550
2020-08-17,237.8,77120410
2020-08-18,236.3,36762880
2020-08-19,239.4,38234650
2020-08-20,232.48,116941150
2020-08-21,231.22,138913060
2020-08-24,231.81,44546800
2020-08-25,228.08,58979870
2020-08-26,227.8,75779450
2020-08-27,226.23,51031070
2020-08-28,226.3,40748090
2020-08-31,226.1,62015070
2020-09-01,227.64,37550370
2020-09-02,222.57,77854040
2020-09-03,218.32,69470720
2020-09-04,222.21,70670060
2020-09-07,221.32,59334960
2020-09-08,217.68,70024350
2020-09-09,218.0,48062980
2020-09-10,220.6,71198540
2020-09-11,221.07,45688920
2020-09-14,227.37,62906200
2020-09-15,231.5,61905270
2020-09-16,231.06,39605930
2020-09-17,231.46,49126710
2020-09-18,230.3,54624840
2020-09-21,226.25,70303620
2020-09-22,229.88,66622080
2020-09-23,228.5,71299220
2020-09-24,228.17,81995110
2020-09-25,228.24,60248340
2020-09-28,228.63,64519830
2020-09-29,225.48,90417190
2020-09-30,229.14,78604470
2020-10-01,227.23,77828210
2020-10-02,208.8,114322450
2020-10-05,208.89,45601880
2020-10-06,211.18,87529560
2020-10-07,210.6,62052620
2020-10-08,207.97,49545460
2020-10-09,205.38,65518060
2020-10-12,206.18,52321380
2020-10-13,205.03,46023280
2020-10-14,207.83,46840170
2020-10-15,203.85,76502030
2020-10-16,201.17,66258500
2020-10-19,202.78,47421400
2020-10-20,209.54,80919110
2020-10-21,210.33,82509750
2020-10-22,210.21,46859510
2020-10-23,214.5,75361490
2020-10-26,211.1,58921210
2020-10-27,207.64,61084680
2020-10-28,204.73,70171420
2020-10-29,205.58,91505270
2020-10-30,200.99,83659620
2020-11-02,204.5,82335660
2020-11-03,209.2,90368710
2020-11-05,216.7,152554980
2020-11-06,217.5,94997390
2020-11-09,228.05,217536750
2020-11-10,236.1,229603230
2020-11-11,244.2,234843470
2020-11-12,242.08,151436920
2020-11-13,242.99,106150870
2020-11-16,247.99,113945190
2020-11-17,245.7,94918470
2020-11-18,242.71,60088940
2020-11-19,240.27,97143730
2020-11-20,239.42,48799870
2020-11-23,239.7,74832280
2020-11-24,247.33,84515780
2020-11-25,251.91,133397740
2020-11-26,250.1,79917590
2020-11-27,251.59,51431130
2020-11-30,249.63,112141620
2020-12-01,260.81,132069500
2020-12-02,264.06,93452130
2020-12-03,263.14,62240840
2020-12-04,270.0,94637930
2020-12-07,274.36,94793660
2020-12-08,275.49,78859920
2020-12-09,276.89,73639980
2020-12-10,282.2,75658690
2020-12-11,283.73,76101950
2020-12-14,279.95,90415250
2020-12-15,278.7,84193230
2020-12-16,278.35,54748960
2020-12-17,278.5,92138550
2020-12-18,270.16,99271840
2020-12-21,261.79,120517950
2020-12-22,262.04,105490480
2020-12-23,270.1,67938790
2020-12-24,269.32,42614450
2020-12-25,270.64,11989750
2020-12-28,274.7,39043430
2020-12-29,272.0,39021610
2020-12-30,271.65,31530660
2021-01-04,272.0,48922920
2021-01-05,275.2,45583910
2021-01-06,272.93,40948520
2021-01-08,283.64,88928790
2021-01-11,289.49,112349520
2021-01-12,289.99,78962360
2021-01-13,283.78,67559080
2021-01-14,284.79,74673700
2021-01-15,276.9,73774870
2021-01-18,279.79,73935650
2021-01-19,278.19,55998820
2021-01-20,279.8,47940980
2021-01-21,274.4,83795610
2021-01-22,268.25,87007610
2021-01-25,265.3,114330950
2021-01-26,269.34,75228120
2021-01-27,265.5,100093260
2021-01-28,265.96,81253290
2021-01-29,258.11,120123710
2021-02-01,263.8,63130400
2021-02-02,263.15,79534190
2021-02-03,263.53,77648760
2021-02-04,270.11,78929290
2021-02-05,271.7,71806820
2021-02-08,275.2,51878390
2021-02-09,268.98,91921510
2021-02-10,265.9,63087490
2021-02-11,264.7,38669800
2021-02-12,266.0,81658530
2021-02-15,271.81,56945310
2021-02-16,270.9,63103170
2021-02-17,270.9,79103850
2021-02-18,266.99,58729690
2021-02-19,271.34,59268550
2021-02-20,270.51,8763250
2021-02-22,273.71,48129770
2021-02-24,271.9,64190320
2021-02-25,270.71,79716010
2021-02-26,270.17,74892050
2021-03-01,273.58,35962010
2021-03-02,279.1,71566360
2021-03-03,278.01,64275320
2021-03-04,274.75,91991370
2021-03-05,277.5,83551110
2021-03-09,285.79,72788180
2021-03-10,282.24,55155180
2021-03-11,286.0,47365180
2021-03-12,284.93,51540190
2021-03-15,292.74,67805740
2021-03-16,292.33,53921730
2021-03-17,283.35,110292330
2021-03-18,279.25,74128740
2021-03-19,285.47,84249430
2021-03-22,288.65,62762410
2021-03-23,282.6,70760630
2021-03-24,285.79,46411230
2021-03-25,286.66,35216620
2021-03-26,291.22,56072880
2021-03-29,293.3,43681330
2021-03-30,293.25,38806220
2021-03-31,291.02,46996880
2021-04-01,290.24,51601440
2021-04-02,291.7,19279180
2021-04-05,288.78,35363370
2021-04-06,281.5,77530890
2021-04-07,283.98,74146060
2021-04-08,283.89,51289780
2021-04-09,281.07,40033420
2021-04-12,281.75,57180030
2021-04-13,287.95,67973530
2021-04-14,287.18,59364940
2021-04-15,283.72,88048600
2021-04-16,288.5,63499000
2021-04-19,287.72,51327720
2021-04-20,287.42,63197880
2021-04-21,289.25,49792800
2021-04-22,292.18,73632070
2021-04-23,293.19,42651330
2021-04-26,295.27,45760050
2021-04-27,298.5,62853160
2021-04-28,298.49,40622520
2021-04-29,297.1,57082260
2021-04-30,297.73,35679650
2021-05-04,303.7,60457530
2021-05-05,305.99,41715270
2021-05-06,314.72,62565270
2021-05-07,317.94,56433970
2021-05-10,320.19,59248110
2021-05-11,307.16,79945470
2021-05-12,302.02,56142830
2021-05-13,306.74,57721460
2021-05-14,304.1,26858430
2021-05-17,303.94,28384220
2021-05-18,305.78,35496400
2021-05-19,297.0,71747950
2021-05-20,296.72,58510610
2021-05-21,301.23,51415080
2021-05-24,300.7,30831530
2021-05-25,306.8,37547680
2021-05-26,307.01,35358520
2021-05-27,312.72,70753690
2021-05-28,309.56,35484140
2021-05-31,310.79,23683010
2021-06-01,311.6,37655890
2021-06-02,313.98,27008780
2021-06-03,312.41,34546320
2021-06-04,310.94,37126650
2021-06-07,315.53,40197440
2021-06-08,314.83,34944620
2021-06-09,314.78,25152290
2021-06-10,314.62,29211800
2021-06-11,313.0,21924900
2021-06-14,314.12,25517710
2021-06-15,312.51,29741250
2021-06-16,311.61,38253860
2021-06-17,313.9,44322800
2021-06-18,309.3,62462450
2021-06-21,310.4,36129780
2021-06-22,309.73,23538080
2021-06-23,309.79,24831290
2021-06-24,310.0,19725240
2021-06-25,311.81,22598640
2021-06-28,309.48,19460180
2021-06-29,306.1,33944770
2021-06-30,306.45,31549580
2021-07-01,305.78,19989790
2021-07-02,307.39,28908330
2021-07-05,307.0,16509700
2021-07-06,303.34,32694440
2021-07-07,304.06,22676030
2021-07-08,302.63,30771300
2021-07-09,303.56,20527240
2021-07-12,306.23,25302270
2021-07-13,303.0,21270580
2021-07-14,301.5,23974320
2021-07-15,301.72,21111670
2021-07-16,298.85,34533280
2021-07-19,291.46,41320510
2021-07-20,296.1,35594130
2021-07-21,294.86,17541560
2021-07-22,297.27,20344800
2021-07-23,296.38,14967220
2021-07-26,303.34,34024050
2021-07-27,299.71,38608790
2021-07-28,302.9,27009120
2021-07-29,303.12,28037210
2021-07-30,305.59,49731920
2021-08-02,306.51,31593540
2021-08-03,309.89,33931370
2021-08-04,311.1,30932050
2021-08-05,315.82,37329160
2021-08-06,319.15,54141450
2021-08-09,326.91,72070400
2021-08-10,330.11,41541930
2021-08-11,329.9,34452160
2021-08-12,328.57,21002650
2021-08-13,328.68,18816130
2021-08-16,329.36,23953750
2021-08-17,334.5,42472520
2021-08-18,334.9,36356910
2021-08-19,332.69,46184030
2021-08-20,325.67,36393250
2021-08-23,329.22,20613110
2021-08-24,324.83,35762700
2021-08-25,324.57,28105390
2021-08-26,322.54,27529220
2021-08-27,327.41,27848390
2021-08-30,328.28,20402150
2021-08-31,327.94,32464730
2021-09-01,334.57,30698660
2021-09-02,329.0,31605740
2021-09-03,329.71,29626390
2021-09-06,329.37,17491440
2021-09-07,325.96,24448110
2021-09-08,331.7,47841520
2021-09-09,326.01,29962700
2021-09-10,326.25,17532340
2021-09-13,327.41,24365060
2021-09-14,326.48,22505240
2021-09-15,333.51,43834510
2021-09-16,326.99,62503480
2021-09-17,329.56,54126320
2021-09-20,326.92,31832600
2021-09-21,323.25,47769290
2021-09-22,327.8,38198960
2021-09-23,327.02,27071410
2021-09-24,325.44,24584330
2021-09-27,331.68,34410300
2021-09-28,329.3,52542880
2021-09-29,328.43,27649210
2021-09-30,340.99,83622260
2021-10-01,338.48,37690990
2021-10-04,345.85,60125260
2021-10-05,363.2,86824850
2021-10-06,364.28,95804990
2021-10-07,368.93,49555650
2021-10-08,373.01,31050580
2021-10-11,387.6,66699560
2021-10-12,377.79,51665490
2021-10-13,378.8,54687330
2021-10-14,376.09,36363890
2021-10-15,371.82,37369170
2021-10-18,364.6,38233180
2021-10-19,373.18,40031730
2021-10-20,370.16,27537590
2021-10-21,364.6,24501070
2021-10-22,364.37,26378840
2021-10-25,369.99,35639850
2021-10-26,372.16,41833770
2021-10-27,371.36,36450620
2021-10-28,365.36,53892680
2021-10-29,356.14,53541990
2021-11-01,370.96,55134640
2021-11-02,370.7,37723170
2021-11-03,370.13,30876610
2021-11-05,360.21,39229740
2021-11-08,358.39,39736440
2021-11-09,357.44,41718590
2021-11-10,348.65,46558110
2021-11-11,356.24,42915840
2021-11-12,347.59,100682800
2021-11-15,344.39,59973490
2021-11-16,337.91,61972880
2021-11-17,339.89,49773710
2021-11-18,336.93,47124100
2021-11-19,327.56,67114710
2021-11-22,309.15,144394030
2021-11-23,326.84,144887010
2021-11-24,321.22,77919580
2021-11-25,317.29,44075230
2021-11-26,304.42,90702260
2021-11-29,316.57,82626540
2021-11-30,315.0,98214880
2021-12-01,324.4,69948230
2021-12-02,326.8,61450200
2021-12-03,320.66,43107850
2021-12-06,307.5,99688200
2021-12-07,309.79,154172870
2021-12-08,296.95,241043180
2021-12-09,300.4,133933650
2021-12-10,297.44,82046160
2021-12-13,280.64,146312930
2021-12-14,284.9,176483200
2021-12-15,286.65,87523240
2021-12-16,295.89,134813120
2021-12-17,294.9,109770570
2021-12-20,288.4,79679000
2021-12-21,291.7,64934720
2021-12-22,294.0,63860480
2021-12-23,292.8,55534990
2021-12-24,293.89,37671250
2021-12-27,295.68,35734540
2021-12-28,295.0,37859030
2021-12-29,293.51,37673290
2021-12-30,293.49,42567960
2022-01-03,305.47,50183170
2022-01-04,304.24,53270410
2022-01-05,287.01,70017630
2022-01-06,293.92,79380930
2022-01-07,,0
2022-01-10,291.69,67426550
2022-01-11,291.88,58921530
2022-01-12,290.4,81822450
2022-01-13,272.5,211556190
2022-01-14,261.0,406253690
2022-01-17,257.78,248689250
2022-01-18,234.7,484056480
2022-01-19,244.86,360958990
2022-01-20,254.61,329113650
2022-01-21,246.9,295690670
2022-01-24,236.97,325829650
2022-01-25,239.59,232596970
2022-01-26,236.9,224840650
2022-01-27,254.29,301306340
2022-01-28,257.82,204180270
2022-01-31,269.42,156175080
2022-02-01,264.7,170396140
2022-02-02,261.0,170215080
2022-02-03,250.79,151173100
2022-02-04,256.53,127035170
2022-02-07,257.61,85586640
2022-02-08,269.8,161506220
2022-02-09,279.09,193575010
2022-02-10,275.2,180148360
2022-02-11,260.83,213954390
2022-02-14,256.7,357654570
2022-02-15,274.0,271518670
2022-02-16,277.78,195822410
2022-02-17,260.58,262088700
2022-02-18,250.28,270594740
2022-02-21,201.0,1084508440
2022-02-22,208.53,946020570
2022-02-23,,0
2022-02-24,132.18,829355880
2022-02-25,131.12,396287150
2022-02-28,,0
2022-03-01,,0
2022-03-02,,0
2022-03-03,,0
2022-03-04,,0
2022-03-09,,0
2022-03-10,,0
2022-03-11,,0
2022-03-14,,0
2022-03-15,,0
2022-03-16,,0
2022-03-17,,0
2022-03-18,,0
2022-03-21,,0
2022-03-22,,0
2022-03-23,,0
2022-03-24,136.24,159464350
2022-03-25,131.5,57662950
2022-03-28,125.0,33212430
2022-03-29,128.77,72338740
2022-03-30,134.6,35675450
2022-03-31,143.69,118425000
2022-04-01,154.5,118880720
2022-04-04,166.0,115938910
2022-04-05,154.1,130342790
2022-04-06,141.6,109040410
2022-04-07,147.5,58839040
2022-04-08,143.72,48450590
2022-04-11,138.69,47575830
2022-04-12,135.38,75388800
2022-04-13,135.5,39087840
2022-04-14,129.05,44368360
2022-04-15,130.88,46772550
2022-04-18,123.85,58500600
2022-04-19,120.3,79905700
2022-04-20,121.5,66603200
2022-04-21,118.65,40648560
2022-04-22,116.97,57466590
2022-04-25,111.9,45811390
2022-04-26,122.36,83540530
2022-04-27,131.11,115500050
2022-04-28,123.85,123541890
2022-04-29,128.8,87366110
2022-05-04,123.2,67289000
2022-05-05,124.8,42383000
2022-05-06,123.1,30602500
2022-05-11,123.34,32870440
2022-05-12,119.15,30846460
2022-05-13,120.2,22838020
2022-05-16,123.41,34940660
2022-05-17,127.75,41963590
2022-05-18,125.12,55565940
2022-05-19,125.6,34246550
2022-05-20,122.2,39288280
2022-05-23,119.46,37976200
2022-05-24,123.6,45164830
2022-05-25,124.15,53511900
2022-05-26,123.0,51985140
2022-05-27,121.22,32685350
2022-05-30,120.67,24957710
2022-05-31,118.3,29983170
2022-06-01,121.97,43785040
2022-06-02,119.0,42769900
2022-06-03,119.21,34341530
2022-06-06,118.78,22281970
2022-06-07,118.32,22274020
2022-06-08,119.9,41514970
2022-06-09,118.2,29371970
2022-06-10,118.07,25373000
2022-06-14,118.98,37690460
2022-06-15,121.14,52262500
2022-06-16,123.73,47921410
2022-06-17,123.88,36608520
2022-06-20,131.29,65683460
2022-06-21,129.1,75565750
2022-06-22,133.11,67799070
2022-06-23,136.85,108118920
2022-06-24,137.76,45254820
2022-06-27,141.15,69963540
2022-06-28,139.99,54863240
2022-06-29,132.8,55164310
2022-06-30,125.2,91499020
2022-07-01,129.91,60628570
2022-07-04,131.43,48006990
2022-07-05,133.5,51662270
2022-07-06,134.0,47075440
2022-07-07,133.09,43059280
2022-07-08,133.3,27635050
2022-07-11,126.8,53725410
2022-07-12,129.0,57254290
2022-07-13,126.0,45932640
2022-07-14,125.9,41704620
2022-07-15,128.9,44954140
2022-07-18,128.11,35478100
2022-07-19,127.76,32381170
2022-07-20,126.44,34762350
2022-07-21,125.48,53633030
2022-07-22,128.82,46478250
2022-07-25,131.45,55990880
2022-07-26,132.9,50351100
2022-07-27,132.5,42526820
2022-07-28,131.72,40102900
2022-07-29,131.9,27788260
2022-08-01,127.34,44322900
2022-08-02,127.53,44006150
2022-08-03,126.85,30948110
2022-08-04,126.95,19560540
2022-08-05,122.4,61176570
2022-08-08,123.81,53664860
2022-08-09,126.4,37919970
2022-08-10,126.2,31939910
2022-08-11,123.45,30949210
2022-08-12,124.88,27223160
2022-08-15,125.0,25355480
2022-08-16,126.39,27290920
2022-08-17,124.5,32888950
2022-08-18,126.3,25415410
2022-08-19,125.2,18676990
2022-08-22,126.06,24510110
2022-08-23,130.38,65419130
2022-08-24,128.15,45833690
2022-08-25,128.18,36067720
2022-08-26,130.4,32879870
2022-08-29,131.17,40911490
2022-08-30,130.05,51084490
2022-08-31,134.25,107450510
2022-09-01,138.2,54942470
2022-09-02,143.8,136891810
2022-09-05,141.0,87603050
2022-09-06,137.23,86674520
2022-09-07,136.86,60753730
2022-09-08,134.51,57744420
2022-09-09,138.15,49115280
2022-09-12,138.7,52610620
2022-09-13,137.0,44582700
2022-09-14,138.9,62838520
2022-09-15,139.48,56243810
2022-09-16,137.73,71799280
2022-09-19,138.04,33272190
2022-09-20,125.1,208947780
2022-09-21,120.23,136625430
2022-09-22,124.31,117479960
2022-09-23,119.39,85906070
2022-09-26,107.06,148638170
2022-09-27,112.92,90981060
2022-09-28,111.06,77969660
2022-09-29,110.41,67487760
2022-09-30,110.21,133569040
2022-10-03,114.35,73960960
2022-10-04,110.55,83564680
2022-10-05,108.51,90416920
2022-10-06,108.24,51741480
2022-10-07,101.5,90989490
2022-10-10,106.71,117465350
2022-10-11,107.72,76962080
2022-10-12,105.9,63378400
2022-10-13,106.5,46849810
2022-10-14,107.78,52565400
2022-10-17,112.44,78496550
2022-10-18,110.88,101854810
2022-10-19,112.39,90693010
2022-10-20,116.98,100723600
2022-10-21,119.45,102382050
2022-10-24,118.8,74539310
2022-10-25,124.36,114156750
2022-10-26,124.43,108495360
2022-10-27,126.61,87915140
2022-10-28,126.97,73660000
2022-10-31,126.72,60762870
2022-11-01,127.05,36820880
2022-11-02,125.49,40216620
2022-11-03,125.75,47720130
2022-11-07,132.0,91709630
2022-11-08,131.29,69556040
2022-11-09,127.3,64961510
2022-11-10,136.68,171748310
2022-11-11,136.98,75710240
2022-11-14,139.8,82521030
2022-11-15,135.66,145543250
2022-11-16,139.18,67090170
2022-11-17,137.57,59160240
2022-11-18,136.89,44076540
2022-11-21,134.46,83599930
2022-11-22,135.65,45822990
2022-11-23,136.59,52302020
2022-11-24,136.61,42388720
2022-11-25,136.53,29618830
2022-11-28,135.53,45275110
2022-11-29,136.37,31648090
2022-11-30,136.78,26816190
2022-12-01,137.15,33056500
2022-12-02,136.66,19261670
2022-12-05,142.0,103930500
2022-12-06,140.61,51823300
2022-12-07,142.32,69885670
2022-12-08,139.92,64056510
2022-12-09,140.03,29441490
2022-12-12,139.48,33477470
2022-12-13,138.13,52200510
2022-12-14,137.3,34074890
2022-12-15,134.55,54791650
2022-12-16,135.45,32802120
2022-12-19,134.64,58826130
2022-12-20,138.28,45017120
2022-12-21,137.75,45542340
2022-12-22,137.69,30562140
2022-12-23,137.94,22908110
2022-12-26,140.95,49379370
2022-12-27,139.9,41654530
2022-12-28,139.51,28045010
2022-12-29,140.96,32059860
2022-12-30,141.15,28175080
2023-01-03,141.78,21098550
2023-01-04,141.43,17112740
2023-01-05,141.27,17245300
2023-01-06,141.4,10657600
2023-01-09,142.4,31449160
2023-01-10,142.81,23718180
2023-01-11,149.96,123147040
2023-01-12,149.3,46789300
2023-01-13,151.69,88520210
2023-01-16,153.71,51753920
2023-01-17,150.45,84404770
2023-01-18,151.47,67511970
2023-01-19,149.34,66813960
2023-01-20,151.38,44254820
2023-01-23,153.5,55198870
2023-01-24,152.66,78734130
2023-01-25,152.81,43376700
2023-01-26,152.4,45513320
2023-01-27,153.2,34123690
2023-01-30,153.38,31105220
2023-01-31,158.07,77890320
2023-02-01,158.29,66332200
2023-02-02,159.45,53866380
2023-02-03,161.26,63735330
2023-02-06,167.09,89083530
2023-02-07,165.39,92661570
2023-02-08,164.15,58669030
2023-02-09,165.31,107139220
2023-02-10,165.52,40924680
2023-02-13,164.32,36212200
2023-02-14,161.86,58832960
2023-02-15,156.25,113804160
2023-02-16,158.22,68549280
2023-02-17,159.73,52179940
2023-02-20,160.09,63971610
2023-02-21,164.15,127422480
2023-02-22,163.37,43772430
2023-02-24,164.3,37727230
2023-02-27,169.95,100133280
2023-02-28,169.82,80748140
2023-03-01,170.53,53784730
2023-03-02,168.05,86095640
2023-03-03,171.16,49566770
2023-03-06,171.84,64585290
2023-03-07,174.01,55287380
2023-03-09,172.55,80393110
2023-03-10,172.53,50256970
2023-03-13,172.15,74032280
2023-03-14,175.71,89325670
2023-03-15,175.3,79930290
2023-03-16,175.45,51534160
2023-03-17,193.59,388164850
2023-03-20,203.73,156714250
2023-03-21,203.32,122583960
2023-03-22,202.89,57568140
2023-03-23,202.58,26650230
2023-03-24,203.57,24325540
2023-03-27,211.84,101521380
2023-03-28,214.03,73901050
2023-03-29,217.99,96682530
2023-03-30,216.87,40886950
2023-03-31,216.6,88081360
2023-04-03,216.09,55175630
2023-04-04,214.83,45803380
2023-04-05,216.15,46177490
2023-04-06,214.25,39061450
2023-04-07,216.27,29198130
2023-04-10,222.21,85196000
2023-04-11,218.6,98538370
2023-04-12,219.22,44767540
2023-04-13,219.85,32672160
2023-04-14,221.87,43316040
2023-04-17,228.1,78797270
2023-04-18,232.66,97770120
2023-04-19,232.95,115713300
2023-04-20,236.28,85093750
2023-04-21,235.17,115905760
2023-04-24,235.1,30536770
2023-04-25,235.3,32187450
2023-04-26,235.21,24430320
2023-04-27,240.38,68311610
2023-04-28,240.38,49583350
2023-05-02,242.62,83957810
2023-05-03,235.77,76827180
2023-05-04,238.89,53079590
2023-05-05,237.7,61366140
2023-05-08,238.27,47865890
2023-05-10,227.06,156874740
2023-05-11,229.32,197302410
2023-05-12,229.29,70528170
2023-05-15,231.7,49090190
2023-05-16,230.62,36613690
2023-05-17,230.55,31770380
2023-05-18,231.7,56228190
2023-05-19,231.27,31639980
2023-05-22,231.0,26487190
2023-05-23,236.43,63010540
2023-05-24,246.06,86011970
2023-05-25,243.76,70882360
2023-05-26,248.1,69202730
2023-05-29,251.18,67999610
2023-05-30,244.65,83533260
2023-05-31,246.17,72912500
2023-06-01,241.66,52046910
2023-06-02,243.95,46542940
2023-06-05,237.12,78742190
2023-06-06,240.91,100640180
2023-06-07,241.25,63130930
2023-06-08,241.77,29945470
2023-06-09,240.4,27569100
2023-06-13,244.33,40551890
2023-06-14,244.6,52205640
2023-06-15,245.18,40063590
2023-06-16,243.87,23441160
2023-06-19,242.28,29844240
2023-06-20,241.74,36621960
2023-06-21,242.2,26830770
2023-06-22,240.66,23136750
2023-06-23,235.67,61886110
2023-06-26,238.4,82016390
2023-06-27,241.21,51466410
2023-06-28,239.67,28310570
2023-06-29,239.99,28192150
2023-06-30,239.61,24051460
2023-07-03,243.33,47333310
2023-07-04,240.7,41561500
2023-07-05,240.95,19972080
2023-07-06,240.96,23260340
2023-07-07,243.67,30275210
2023-07-10,249.4,65076680
2023-07-11,247.99,49590820
2023-07-12,247.52,39316540
2023-07-13,246.19,29561460
2023-07-14,246.45,25661560
2023-07-17,245.39,36193390
2023-07-18,246.77,36008340
2023-07-19,245.85,31451760
2023-07-20,242.7,36027010
2023-07-21,244.13,32271770
2023-07-24,244.87,19769440
2023-07-25,247.2,39733390
2023-07-26,247.05,26119270
2023-07-27,247.95,39793470
2023-07-28,249.25,35776620
2023-07-31,267.4,167914420
2023-08-01,268.5,162988910
2023-08-02,268.57,48418320
2023-08-03,269.11,75757120
2023-08-04,264.12,132212230
2023-08-07,261.92,61531090
2023-08-08,264.62,65114820
2023-08-09,263.91,34994150
2023-08-10,266.91,37292060
2023-08-11,266.23,24846460
2023-08-14,260.45,86724810
2023-08-15,260.42,59232630
2023-08-16,256.02,71823620
2023-08-17,258.5,35937920
2023-08-18,261.14,31064600
2023-08-21,261.15,35766040
2023-08-22,261.45,25953320
2023-08-23,256.4,53116160
2023-08-24,259.63,26979270
2023-08-25,260.5,28575150
2023-08-28,266.93,57897070
2023-08-29,265.68,35407330
2023-08-30,264.7,38604380
2023-08-31,264.85,22582290
2023-09-01,265.0,19265170
2023-09-04,267.39,48140770
2023-09-05,264.75,39811860
2023-09-06,263.5,28341890
2023-09-07,258.79,67688600
2023-09-08,255.68,49562810
2023-09-11,256.25,43282460
2023-09-12,262.4,45160820
2023-09-13,258.18,30051360
2023-09-14,260.0,46227900
2023-09-15,260.83,35581630
2023-09-18,259.07,29037560
2023-09-19,252.72,89551540
2023-09-20,253.77,66831270
2023-09-21,250.16,58913730
2023-09-22,251.99,40714900
2023-09-25,252.65,31863690
2023-09-26,255.87,42960400
2023-09-27,256.1,27880630
2023-09-28,257.67,26331160
2023-09-29,260.72,68533310
2023-10-02,258.98,35574470
2023-10-03,259.65,23911430
2023-10-04,259.53,18571620
2023-10-05,259.38,23501620
2023-10-06,262.93,32001280
2023-10-09,265.25,45447720
2023-10-10,263.0,34001290
2023-10-11,260.21,29495790
2023-10-12,264.5,27549160
2023-10-13,263.51,18408670
2023-10-16,268.15,53723180
2023-10-17,270.0,51214360
2023-10-18,267.9,40380530
2023-10-19,268.65,33532880
2023-10-20,269.8,32879730
2023-10-23,270.1,62432160
2023-10-24,271.27,28029860
2023-10-25,273.73,41830970
2023-10-26,269.9,59497750
2023-10-27,269.7,49779630
2023-10-30,269.89,33345990
2023-10-31,268.35,26210450
2023-11-01,269.68,20609480
2023-11-02,269.06,25751530
2023-11-03,268.54,20981280
2023-11-06,273.42,29274160
2023-11-07,273.31,32275170
2023-11-08,278.15,58032670
2023-11-09,276.65,28430630
2023-11-10,280.19,44643290
2023-11-13,283.97,45887770
2023-11-14,280.87,40484810
2023-11-15,282.89,41837690
2023-11-16,279.7,24696600
2023-11-17,281.6,31322320
2023-11-20,282.91,25291010
2023-11-21,282.79,19099390
2023-11-22,286.16,47296890
2023-11-23,286.19,27724080
2023-11-24,286.85,26067870
2023-11-27,282.33,79146090
2023-11-28,279.91,45507410
2023-11-29,276.8,29820830
2023-11-30,277.5,55873540
2023-12-01,273.97,31660970
2023-12-04,270.96,37700740
2023-12-05,279.62,46892570
2023-12-06,267.58,100020030
2023-12-07,265.12,63564530
2023-12-08,265.16,35364310
2023-12-11,256.89,77668070
2023-12-12,257.6,63932170
2023-12-13,260.45,29836400
2023-12-14,256.64,40549660
2023-12-15,268.21,84668740
2023-12-18,268.4,51602470
